mysql> explain select * from company;
+----+-------------+---------+------------+------+---------------+------+---------+------+------+----------+-------+
| id | select_type | table   | partitions | type | possible_keys | key  | key_len | ref  | rows | filtered | Extra |
+----+-------------+---------+------------+------+---------------+------+---------+------+------+----------+-------+
|  1 | SIMPLE      | company | NULL       | ALL  | NULL          | NULL | NULL    | NULL |    3 |   100.00 | NULL  |
+----+-------------+---------+------------+------+---------------+------+---------+------+------+----------+-------+
1 row in set, 1 warning (0.10 sec)

mysql> explain select * from user_roles;
+----+-------------+------------+------------+------+---------------+------+---------+------+------+----------+-------+
| id | select_type | table      | partitions | type | possible_keys | key  | key_len | ref  | rows | filtered | Extra |
+----+-------------+------------+------------+------+---------------+------+---------+------+------+----------+-------+
|  1 | SIMPLE      | user_roles | NULL       | ALL  | NULL          | NULL | NULL    | NULL |    2 |   100.00 | NULL  |
+----+-------------+------------+------------+------+---------------+------+---------+------+------+----------+-------+
1 row in set, 1 warning (0.04 sec)

mysql> explain select * from hired_candidates;
+----+-------------+------------------+------------+------+---------------+------+---------+------+------+----------+-------+
| id | select_type | table            | partitions | type | possible_keys | key  | key_len | ref  | rows | filtered | Extra |
+----+-------------+------------------+------------+------+---------------+------+---------+------+------+----------+-------+
|  1 | SIMPLE      | hired_candidates | NULL       | ALL  | NULL          | NULL | NULL    | NULL |   28 |   100.00 | NULL  |
+----+-------------+------------------+------------+------+---------------+------+---------+------+------+----------+-------+
1 row in set, 1 warning (0.07 sec)

mysql> explain select id from hired_candidates where hired_city="Banglore";
+----+-------------+------------------+------------+------+---------------+------+---------+------+------+----------+-------------+
| id | select_type | table            | partitions | type | possible_keys | key  | key_len | ref  | rows | filtered | Extra       |
+----+-------------+------------------+------------+------+---------------+------+---------+------+------+----------+-------------+
|  1 | SIMPLE      | hired_candidates | NULL       | ALL  | NULL          | NULL | NULL    | NULL |   28 |    10.00 | Using where |
+----+-------------+------------------+------------+------+---------------+------+---------+------+------+----------+-------------+
1 row in set, 1 warning (0.00 sec)
mysql> explain select *  from hired_candidates where hired_city = 'Banglore';
+----+-------------+------------------+------------+------+---------------+------+---------+------+------+----------+-------------+
| id | select_type | table            | partitions | type | possible_keys | key  | key_len | ref  | rows | filtered | Extra       |
+----+-------------+------------------+------------+------+---------------+------+---------+------+------+----------+-------------+
|  1 | SIMPLE      | hired_candidates | NULL       | ALL  | NULL          | NULL | NULL    | NULL |   28 |    10.00 | Using where |
+----+-------------+------------------+------------+------+---------------+------+---------+------+------+----------+-------------+
1 row in set, 1 warning (0.00 sec)

mysql>  explain select first_name,last_name from hired_candidates order by id asc;
+----+-------------+------------------+------------+------+---------------+------+---------+------+------+----------+----------------+
| id | select_type | table            | partitions | type | possible_keys | key  | key_len | ref  | rows | filtered | Extra          |
+----+-------------+------------------+------------+------+---------------+------+---------+------+------+----------+----------------+
|  1 | SIMPLE      | hired_candidates | NULL       | ALL  | NULL          | NULL | NULL    | NULL |   28 |   100.00 | Using filesort |
+----+-------------+------------------+------------+------+---------------+------+---------+------+------+----------+----------------+
1 row in set, 1 warning (0.00 sec)

mysql>  explain select degree from hired_candidates order by id asc;
+----+-------------+------------------+------------+------+---------------+------+---------+------+------+----------+----------------+
| id | select_type | table            | partitions | type | possible_keys | key  | key_len | ref  | rows | filtered | Extra          |
+----+-------------+------------------+------------+------+---------------+------+---------+------+------+----------+----------------+
|  1 | SIMPLE      | hired_candidates | NULL       | ALL  | NULL          | NULL | NULL    | NULL |   28 |   100.00 | Using filesort |
+----+-------------+------------------+------------+------+---------------+------+---------+------+------+----------+----------------+
1 row in set, 1 warning (0.00 sec)

mysql>  explain select id from hired_candidates order by degree asc;
+----+-------------+------------------+------------+------+---------------+------+---------+------+------+----------+----------------+
| id | select_type | table            | partitions | type | possible_keys | key  | key_len | ref  | rows | filtered | Extra          |
+----+-------------+------------------+------------+------+---------------+------+---------+------+------+----------+----------------+
|  1 | SIMPLE      | hired_candidates | NULL       | ALL  | NULL          | NULL | NULL    | NULL |   28 |   100.00 | Using filesort |
+----+-------------+------------------+------------+------+---------------+------+---------+------+------+----------+----------------+
1 row in set, 1 warning (0.00 sec)

mysql>  explain select first_name from hired_candidates where not degree='B.E';
+----+-------------+------------------+------------+------+---------------+------+---------+------+------+----------+-------------+
| id | select_type | table            | partitions | type | possible_keys | key  | key_len | ref  | rows | filtered | Extra       |
+----+-------------+------------------+------------+------+---------------+------+---------+------+------+----------+-------------+
|  1 | SIMPLE      | hired_candidates | NULL       | ALL  | NULL          | NULL | NULL    | NULL |   28 |    90.00 | Using where |
+----+-------------+------------------+------------+------+---------------+------+---------+------+------+----------+-------------+
1 row in set, 1 warning (0.00 sec)



/*Create Index*/
mysql> create index id_index on hired_candidates_city_list(id);
Query OK, 0 rows affected (0.28 sec)
Records: 0  Duplicates: 0  Warnings: 0

/*use query,explain to avoid total database scan  */

mysql> EXPLAIN SELECT * FROM hired_candidates_city_list WHERE id = 1;
+----+-------------+----------------------------+------------+-------+------------------+---------+---------+-------+------+----------+-------+
| id | select_type | table                      | partitions | type  | possible_keys    | key     | key_len | ref   | rows | filtered | Extra |
+----+-------------+----------------------------+------------+-------+------------------+---------+---------+-------+------+----------+-------+
|  1 | SIMPLE      | hired_candidates_city_list | p0         | const | PRIMARY,id_index | PRIMARY | 4       | const |    1 |   100.00 | NULL  |
+----+-------------+----------------------------+------------+-------+------------------+---------+---------+-------+------+----------+-------+
1 row in set, 1 warning (0.00 sec)

mysql> EXPLAIN SELECT s. first_name, s.last_name, hired_candidates_column_range.email, hired_candidates_column_range.hired_city
    -> FROM hired_candidates_city_list AS s
    -> JOIN hired_candidates_column_range ON (s.id = hired_candidates_column_range.id)
    -> WHERE s.last_name = 'pranit';
+----+-------------+-------------------------------+----------------------+------+------------------+------+---------+------+------+----------+--------------------------------------------+
| id | select_type | table                         | partitions           | type | possible_keys    | key  | key_len | ref  | rows | filtered | Extra                                      |
+----+-------------+-------------------------------+----------------------+------+------------------+------+---------+------+------+----------+--------------------------------------------+
|  1 | SIMPLE      | s                             | p0,p1                | ALL  | PRIMARY,id_index | NULL | NULL    | NULL |    9 |    11.11 | Using where                                |
|  1 | SIMPLE      | hired_candidates_column_range | LIST_A,LIST_B,LIST_C | ALL  | NULL             | NULL | NULL    | NULL |    8 |    12.50 | Using where; Using join buffer (hash join) |
+----+-------------+-------------------------------+----------------------+------+------------------+------+---------+------+------+----------+--------------------------------------------+
2 rows in set, 1 warning (0.01 sec)

mysql> EXPLAIN SELECT id as ID FROM hired_candidates_city_list
    -> UNION ALL
    -> SELECT id as ID FROM hired_candidates_column_range;
+----+-------------+-------------------------------+----------------------+-------+---------------+----------+---------+------+------+----------+-------------+
| id | select_type | table                         | partitions           | type  | possible_keys | key      | key_len | ref  | rows | filtered | Extra       |
+----+-------------+-------------------------------+----------------------+-------+---------------+----------+---------+------+------+----------+-------------+
|  1 | PRIMARY     | hired_candidates_city_list    | p0,p1                | index | NULL          | id_index | 4       | NULL |    9 |   100.00 | Using index |
|  2 | UNION       | hired_candidates_column_range | LIST_A,LIST_B,LIST_C | ALL   | NULL          | NULL     | NULL    | NULL |    8 |   100.00 | NULL        |
+----+-------------+-------------------------------+----------------------+-------+---------------+----------+---------+------+------+----------+-------------+
2 rows in set, 1 warning (0.02 sec)


mysql> EXPLAIN ANALYZE SELECT s. first_name, s.last_name, hired_candidates_column_range.email, hired_candidates_column_range.hired_city
    -> FROM hired_candidates_city_list AS s
    -> JOIN hired_candidates_column_range ON (s.id = hired_candidates_column_range.id)
    -> WHERE s.last_name = 'pranit';
+----------------------------------------------------------------------------------------------------------------------------------------------------------------------------------------------------------------------------------------------------------------------------------------------------------------------------------------------------------------------------------------------------------------------------------------+
| EXPLAIN                                                                                                                                                                                                                                                                                                                                                                                                                                |
+----------------------------------------------------------------------------------------------------------------------------------------------------------------------------------------------------------------------------------------------------------------------------------------------------------------------------------------------------------------------------------------------------------------------------------------+
| -> Inner hash join (hired_candidates_column_range.id = s.id)  (cost=2.95 rows=1) (actual time=0.154..0.154 rows=0 loops=1)
    -> Table scan on hired_candidates_column_range  (cost=0.85 rows=8) (never executed)
    -> Hash
        -> Filter: (s.last_name = 'pranit')  (cost=1.40 rows=1) (actual time=0.143..0.143 rows=0 loops=1)
            -> Table scan on s  (cost=1.40 rows=9) (actual time=0.048..0.132 rows=9 loops=1)
 |
+----------------------------------------------------------------------------------------------------------------------------------------------------------------------------------------------------------------------------------------------------------------------------------------------------------------------------------------------------------------------------------------------------------------------------------------+
1 row in set (0.01 sec)

