mysql> EXPLAIN select * from new_hired_candidates;
+----+-------------+----------------------+-------------+------+---------------+------+---------+------+------+----------+-------+
| id | select_type | table                | partitions  | type | possible_keys | key  | key_len | ref  | rows | filtered | Extra |
+----+-------------+----------------------+-------------+------+---------------+------+---------+------+------+----------+-------+
|  1 | SIMPLE      | new_hired_candidates | p0,p1,p2,p3 | ALL  | NULL          | NULL | NULL    | NULL |   38 |   100.00 | NULL  |
+----+-------------+----------------------+-------------+------+---------------+------+---------+------+------+----------+-------+
1 row in set, 1 warning (0.02 sec)

mysql> EXPLAIN SELECT * FROM new_hired_candidates WHERE hired_date = '2017-01-01';
+----+-------------+----------------------+-------------+------+---------------+------+---------+------+------+----------+-------------+
| id | select_type | table                | partitions  | type | possible_keys | key  | key_len | ref  | rows | filtered | Extra       |
+----+-------------+----------------------+-------------+------+---------------+------+---------+------+------+----------+-------------+
|  1 | SIMPLE      | new_hired_candidates | p0,p1,p2,p3 | ALL  | NULL          | NULL | NULL    | NULL |   38 |    10.00 | Using where |
+----+-------------+----------------------+-------------+------+---------------+------+---------+------+------+----------+-------------+
1 row in set, 1 warning (0.02 sec)


mysql> EXPLAIN SELECT * FROM new_hired_candidates WHERE hired_date = '2014-01-30';
+----+-------------+----------------------+-------------+------+---------------+------+---------+------+------+----------+-------------+
| id | select_type | table                | partitions  | type | possible_keys | key  | key_len | ref  | rows | filtered | Extra       |
+----+-------------+----------------------+-------------+------+---------------+------+---------+------+------+----------+-------------+
|  1 | SIMPLE      | new_hired_candidates | p0,p1,p2,p3 | ALL  | NULL          | NULL | NULL    | NULL |   38 |    10.00 | Using where |
+----+-------------+----------------------+-------------+------+---------------+------+---------+------+------+----------+-------------+
1 row in set, 1 warning (0.01 sec)

mysql> EXPLAIN SELECT * FROM new_hired_candidates WHERE hired_date = '2021-09-10';
+----+-------------+----------------------+-------------+------+---------------+------+---------+------+------+----------+-------------+
| id | select_type | table                | partitions  | type | possible_keys | key  | key_len | ref  | rows | filtered | Extra       |
+----+-------------+----------------------+-------------+------+---------------+------+---------+------+------+----------+-------------+
|  1 | SIMPLE      | new_hired_candidates | p0,p1,p2,p3 | ALL  | NULL          | NULL | NULL    | NULL |   38 |    10.00 | Using where |
+----+-------------+----------------------+-------------+------+---------------+------+---------+------+------+----------+-------------+
1 row in set, 1 warning (0.00 sec)


mysql> EXPLAIN select * from hired_candidates_city_list;
+----+-------------+----------------------------+------------+------+---------------+------+---------+------+------+----------+-------+
| id | select_type | table                      | partitions | type | possible_keys | key  | key_len | ref  | rows | filtered | Extra |
+----+-------------+----------------------------+------------+------+---------------+------+---------+------+------+----------+-------+
|  1 | SIMPLE      | hired_candidates_city_list | p0,p1      | ALL  | NULL          | NULL | NULL    | NULL |    9 |   100.00 | NULL  |
+----+-------------+----------------------------+------------+------+---------------+------+---------+------+------+----------+-------+
1 row in set, 1 warning (0.03 sec)


mysql> EXPLAIN SELECT * FROM hired_candidates_city_list WHERE id =2;
+----+-------------+----------------------------+------------+-------+---------------+---------+---------+-------+------+----------+-------+
| id | select_type | table                      | partitions | type  | possible_keys | key     | key_len | ref   | rows | filtered | Extra |
+----+-------------+----------------------------+------------+-------+---------------+---------+---------+-------+------+----------+-------+
|  1 | SIMPLE      | hired_candidates_city_list | p1         | const | PRIMARY       | PRIMARY | 4       | const |    1 |   100.00 | NULL  |
+----+-------------+----------------------------+------------+-------+---------------+---------+---------+-------+------+----------+-------+
1 row in set, 1 warning (0.02 sec)


mysql> EXPLAIN SELECT * FROM hired_candidates_city_list WHERE id =7;
+----+-------------+----------------------------+------------+-------+---------------+---------+---------+-------+------+----------+-------+
| id | select_type | table                      | partitions | type  | possible_keys | key     | key_len | ref   | rows | filtered | Extra |
+----+-------------+----------------------------+------------+-------+---------------+---------+---------+-------+------+----------+-------+
|  1 | SIMPLE      | hired_candidates_city_list | p0         | const | PRIMARY       | PRIMARY | 4       | const |    1 |   100.00 | NULL  |
+----+-------------+----------------------------+------------+-------+---------------+---------+---------+-------+------+----------+-------+
1 row in set, 1 warning (0.02 sec)

mysql> EXPLAIN SELECT * FROM hired_candidates_city_list WHERE id =5;
+----+-------------+----------------------------+------------+-------+---------------+---------+---------+-------+------+----------+-------+
| id | select_type | table                      | partitions | type  | possible_keys | key     | key_len | ref   | rows | filtered | Extra |
+----+-------------+----------------------------+------------+-------+---------------+---------+---------+-------+------+----------+-------+
|  1 | SIMPLE      | hired_candidates_city_list | p0         | const | PRIMARY       | PRIMARY | 4       | const |    1 |   100.00 | NULL  |
+----+-------------+----------------------------+------------+-------+---------------+---------+---------+-------+------+----------+-------+
1 row in set, 1 warning (0.00 sec)

mysql> EXPLAIN SELECT * FROM hired_candidates_city_list WHERE id =1;
+----+-------------+----------------------------+------------+-------+---------------+---------+---------+-------+------+----------+-------+
| id | select_type | table                      | partitions | type  | possible_keys | key     | key_len | ref   | rows | filtered | Extra |
+----+-------------+----------------------------+------------+-------+---------------+---------+---------+-------+------+----------+-------+
|  1 | SIMPLE      | hired_candidates_city_list | p0         | const | PRIMARY       | PRIMARY | 4       | const |    1 |   100.00 | NULL  |
+----+-------------+----------------------------+------------+-------+---------------+---------+---------+-------+------+----------+-------+
1 row in set, 1 warning (0.00 sec)


mysql> EXPLAIN SELECT * FROM hired_candidates_city_list WHERE id =6;
+----+-------------+----------------------------+------------+-------+---------------+---------+---------+-------+------+----------+-------+
| id | select_type | table                      | partitions | type  | possible_keys | key     | key_len | ref   | rows | filtered | Extra |
+----+-------------+----------------------------+------------+-------+---------------+---------+---------+-------+------+----------+-------+
|  1 | SIMPLE      | hired_candidates_city_list | p1         | const | PRIMARY       | PRIMARY | 4       | const |    1 |   100.00 | NULL  |
+----+-------------+----------------------------+------------+-------+---------------+---------+---------+-------+------+----------+-------+
1 row in set, 1 warning (0.00 sec)


mysql> EXPLAIN SELECT * FROM hired_candidates_city_list WHERE id =8;
+----+-------------+----------------------------+------------+-------+---------------+---------+---------+-------+------+----------+-------+
| id | select_type | table                      | partitions | type  | possible_keys | key     | key_len | ref   | rows | filtered | Extra |
+----+-------------+----------------------------+------------+-------+---------------+---------+---------+-------+------+----------+-------+
|  1 | SIMPLE      | hired_candidates_city_list | p1         | const | PRIMARY       | PRIMARY | 4       | const |    1 |   100.00 | NULL  |
+----+-------------+----------------------------+------------+-------+---------------+---------+---------+-------+------+----------+-------+
1 row in set, 1 warning (0.00 sec)

mysql> EXPLAIN select * from hired_candidates_column_range;
+----+-------------+-------------------------------+----------------------+------+---------------+------+---------+------+------+----------+-------+
| id | select_type | table                         | partitions           | type | possible_keys | key  | key_len | ref  | rows | filtered | Extra |
+----+-------------+-------------------------------+----------------------+------+---------------+------+---------+------+------+----------+-------+
|  1 | SIMPLE      | hired_candidates_column_range | LIST_A,LIST_B,LIST_C | ALL  | NULL          | NULL | NULL    | NULL |    8 |   100.00 | NULL  |
+----+-------------+-------------------------------+----------------------+------+---------------+------+---------+------+------+----------+-------+
1 row in set, 1 warning (0.01 sec)

mysql> EXPLAIN SELECT * FROM hired_candidates_column_range WHERE hired_city = 'Delhi';
+----+-------------+-------------------------------+----------------------+------+---------------+------+---------+------+------+----------+-------------+
| id | select_type | table                         | partitions           | type | possible_keys | key  | key_len | ref  | rows | filtered | Extra       |
+----+-------------+-------------------------------+----------------------+------+---------------+------+---------+------+------+----------+-------------+
|  1 | SIMPLE      | hired_candidates_column_range | LIST_A,LIST_B,LIST_C | ALL  | NULL          | NULL | NULL    | NULL |    8 |    12.50 | Using where |
+----+-------------+-------------------------------+----------------------+------+---------------+------+---------+------+------+----------+-------------+
1 row in set, 1 warning (0.01 sec)

mysql> EXPLAIN SELECT * FROM hired_candidates_column_range WHERE hired_city = 'Chennai';
+----+-------------+-------------------------------+----------------------+------+---------------+------+---------+------+------+----------+-------------+
| id | select_type | table                         | partitions           | type | possible_keys | key  | key_len | ref  | rows | filtered | Extra       |
+----+-------------+-------------------------------+----------------------+------+---------------+------+---------+------+------+----------+-------------+
|  1 | SIMPLE      | hired_candidates_column_range | LIST_A,LIST_B,LIST_C | ALL  | NULL          | NULL | NULL    | NULL |    8 |    12.50 | Using where |
+----+-------------+-------------------------------+----------------------+------+---------------+------+---------+------+------+----------+-------------+
1 row in set, 1 warning (0.00 sec)

mysql> EXPLAIN SELECT * FROM hired_candidates_column_range WHERE hired_city = 'Pune';
+----+-------------+-------------------------------+----------------------+------+---------------+------+---------+------+------+----------+-------------+
| id | select_type | table                         | partitions           | type | possible_keys | key  | key_len | ref  | rows | filtered | Extra       |
+----+-------------+-------------------------------+----------------------+------+---------------+------+---------+------+------+----------+-------------+
|  1 | SIMPLE      | hired_candidates_column_range | LIST_A,LIST_B,LIST_C | ALL  | NULL          | NULL | NULL    | NULL |    8 |    12.50 | Using where |
+----+-------------+-------------------------------+----------------------+------+---------------+------+---------+------+------+----------+-------------+
1 row in set, 1 warning (0.00 sec)

mysql> EXPLAIN SELECT * FROM hired_candidates_column_range WHERE hired_city = 'Pune' and id=5;
+----+-------------+-------------------------------+------------+------+---------------+------+---------+------+------+----------+-------------+
| id | select_type | table                         | partitions | type | possible_keys | key  | key_len | ref  | rows | filtered | Extra       |
+----+-------------+-------------------------------+------------+------+---------------+------+---------+------+------+----------+-------------+
|  1 | SIMPLE      | hired_candidates_column_range | LIST_B     | ALL  | NULL          | NULL | NULL    | NULL |    3 |    33.33 | Using where |
+----+-------------+-------------------------------+------------+------+---------------+------+---------+------+------+----------+-------------+
1 row in set, 1 warning (0.01 sec)


mysql> EXPLAIN SELECT * FROM hired_candidates_column_range WHERE hired_city = 'Mumbai' and id=5;
+----+-------------+-------------------------------+------------+------+---------------+------+---------+------+------+----------+-------------+
| id | select_type | table                         | partitions | type | possible_keys | key  | key_len | ref  | rows | filtered | Extra       |
+----+-------------+-------------------------------+------------+------+---------------+------+---------+------+------+----------+-------------+
|  1 | SIMPLE      | hired_candidates_column_range | LIST_B     | ALL  | NULL          | NULL | NULL    | NULL |    3 |    33.33 | Using where |
+----+-------------+-------------------------------+------------+------+---------------+------+---------+------+------+----------+-------------+
1 row in set, 1 warning (0.00 sec)

mysql> EXPLAIN SELECT * FROM hired_candidates_column_range WHERE hired_city = 'Mumbai' or id=5;
+----+-------------+-------------------------------+----------------------+------+---------------+------+---------+------+------+----------+-------------+
| id | select_type | table                         | partitions           | type | possible_keys | key  | key_len | ref  | rows | filtered | Extra       |
+----+-------------+-------------------------------+----------------------+------+---------------+------+---------+------+------+----------+-------------+
|  1 | SIMPLE      | hired_candidates_column_range | LIST_A,LIST_B,LIST_C | ALL  | NULL          | NULL | NULL    | NULL |    8 |    23.44 | Using where |
+----+-------------+-------------------------------+----------------------+------+---------------+------+---------+------+------+----------+-------------+
1 row in set, 1 warning (0.00 sec)

mysql> EXPLAIN SELECT * FROM hired_candidates_column_range WHERE hired_city = 'Chennai' or id=30;
+----+-------------+-------------------------------+----------------------+------+---------------+------+---------+------+------+----------+-------------+
| id | select_type | table                         | partitions           | type | possible_keys | key  | key_len | ref  | rows | filtered | Extra       |
+----+-------------+-------------------------------+----------------------+------+---------------+------+---------+------+------+----------+-------------+
|  1 | SIMPLE      | hired_candidates_column_range | LIST_A,LIST_B,LIST_C | ALL  | NULL          | NULL | NULL    | NULL |    8 |    23.44 | Using where |
+----+-------------+-------------------------------+----------------------+------+---------------+------+---------+------+------+----------+-------------+
1 row in set, 1 warning (0.00 sec)


mysql> EXPLAIN SELECT * FROM hired_candidates_column_range WHERE hired_city = 'Chennai' and id=30;
+----+-------------+-------------------------------+------------+------+---------------+------+---------+------+------+----------+-------------+
| id | select_type | table                         | partitions | type | possible_keys | key  | key_len | ref  | rows | filtered | Extra       |
+----+-------------+-------------------------------+------------+------+---------------+------+---------+------+------+----------+-------------+
|  1 | SIMPLE      | hired_candidates_column_range | NULL       | ALL  | NULL          | NULL | NULL    | NULL |    1 |   100.00 | Using where |
+----+-------------+-------------------------------+------------+------+---------------+------+---------+------+------+----------+-------------+
1 row in set, 1 warning (0.00 sec)

mysql> EXPLAIN SELECT * FROM hired_candidates_column_range WHERE hired_city = 'Chennai' and id=4;
+----+-------------+-------------------------------+------------+------+---------------+------+---------+------+------+----------+-------------+
| id | select_type | table                         | partitions | type | possible_keys | key  | key_len | ref  | rows | filtered | Extra       |
+----+-------------+-------------------------------+------------+------+---------------+------+---------+------+------+----------+-------------+
|  1 | SIMPLE      | hired_candidates_column_range | LIST_B     | ALL  | NULL          | NULL | NULL    | NULL |    3 |    33.33 | Using where |
+----+-------------+-------------------------------+------------+------+---------------+------+---------+------+------+----------+-------------+
1 row in set, 1 warning (0.00 sec)

mysql> EXPLAIN SELECT * FROM hired_candidates_column_range WHERE hired_city = 'Chennai' and id=8;
+----+-------------+-------------------------------+------------+------+---------------+------+---------+------+------+----------+-------------+
| id | select_type | table                         | partitions | type | possible_keys | key  | key_len | ref  | rows | filtered | Extra       |
+----+-------------+-------------------------------+------------+------+---------------+------+---------+------+------+----------+-------------+
|  1 | SIMPLE      | hired_candidates_column_range | LIST_C     | ALL  | NULL          | NULL | NULL    | NULL |    2 |    50.00 | Using where |
+----+-------------+-------------------------------+------------+------+---------------+------+---------+------+------+----------+-------------+
1 row in set, 1 warning (0.00 sec)

mysql> EXPLAIN SELECT * FROM hired_candidates_column_range WHERE hired_city = 'Chennai' or id=8;
+----+-------------+-------------------------------+----------------------+------+---------------+------+---------+------+------+----------+-------------+
| id | select_type | table                         | partitions           | type | possible_keys | key  | key_len | ref  | rows | filtered | Extra       |
+----+-------------+-------------------------------+----------------------+------+---------------+------+---------+------+------+----------+-------------+
|  1 | SIMPLE      | hired_candidates_column_range | LIST_A,LIST_B,LIST_C | ALL  | NULL          | NULL | NULL    | NULL |    8 |    23.44 | Using where |
+----+-------------+-------------------------------+----------------------+------+---------------+------+---------+------+------+----------+-------------+
1 row in set, 1 warning (0.00 sec)

mysql> EXPLAIN SELECT * FROM hired_candidates_column_range WHERE hired_city = 'Pune' and id=8;
+----+-------------+-------------------------------+------------+------+---------------+------+---------+------+------+----------+-------------+
| id | select_type | table                         | partitions | type | possible_keys | key  | key_len | ref  | rows | filtered | Extra       |
+----+-------------+-------------------------------+------------+------+---------------+------+---------+------+------+----------+-------------+
|  1 | SIMPLE      | hired_candidates_column_range | LIST_C     | ALL  | NULL          | NULL | NULL    | NULL |    2 |    50.00 | Using where |
+----+-------------+-------------------------------+------------+------+---------------+------+---------+------+------+----------+-------------+
1 row in set, 1 warning (0.00 sec)

mysql> EXPLAIN SELECT * FROM hired_candidates_column_range WHERE hired_city = 'Pune' or id=8;
+----+-------------+-------------------------------+----------------------+------+---------------+------+---------+------+------+----------+-------------+
| id | select_type | table                         | partitions           | type | possible_keys | key  | key_len | ref  | rows | filtered | Extra       |
+----+-------------+-------------------------------+----------------------+------+---------------+------+---------+------+------+----------+-------------+
|  1 | SIMPLE      | hired_candidates_column_range | LIST_A,LIST_B,LIST_C | ALL  | NULL          | NULL | NULL    | NULL |    8 |    23.44 | Using where |
+----+-------------+-------------------------------+----------------------+------+---------------+------+---------+------+------+----------+-------------+
1 row in set, 1 warning (0.00 sec)

mysql> EXPLAIN select * from hired_candidates_sub_partition;
+----+-------------+--------------------------------+-------------------------------------+------+---------------+------+---------+------+------+----------+-------+
| id | select_type | table                          | partitions                          | type | possible_keys | key  | key_len | ref  | rows | filtered | Extra |
+----+-------------+--------------------------------+-------------------------------------+------+---------------+------+---------+------+------+----------+-------+
|  1 | SIMPLE      | hired_candidates_sub_partition | p0_p0sp0,p0_p0sp1,p1_p1sp0,p1_p1sp1 | ALL  | NULL          | NULL | NULL    | NULL |    9 |   100.00 | NULL  |
+----+-------------+--------------------------------+-------------------------------------+------+---------------+------+---------+------+------+----------+-------+
1 row in set, 1 warning (0.00 sec)


mysql> EXPLAIN SELECT * FROM hired_candidates_sub_partition WHERE hired_date < 2017;
+----+-------------+--------------------------------+-------------------------------------+------+---------------+------+---------+------+------+----------+-------------+
| id | select_type | table                          | partitions                          | type | possible_keys | key  | key_len | ref  | rows | filtered | Extra       |
+----+-------------+--------------------------------+-------------------------------------+------+---------------+------+---------+------+------+----------+-------------+
|  1 | SIMPLE      | hired_candidates_sub_partition | p0_p0sp0,p0_p0sp1,p1_p1sp0,p1_p1sp1 | ALL  | NULL          | NULL | NULL    | NULL |    9 |    33.33 | Using where |
+----+-------------+--------------------------------+-------------------------------------+------+---------------+------+---------+------+------+----------+-------------+
1 row in set, 6 warnings (0.02 sec)


mysql> EXPLAIN SELECT * FROM hired_candidates_sub_partition WHERE hired_date > 2017;
+----+-------------+--------------------------------+-------------------------------------+------+---------------+------+---------+------+------+----------+-------------+
| id | select_type | table                          | partitions                          | type | possible_keys | key  | key_len | ref  | rows | filtered | Extra       |
+----+-------------+--------------------------------+-------------------------------------+------+---------------+------+---------+------+------+----------+-------------+
|  1 | SIMPLE      | hired_candidates_sub_partition | p0_p0sp0,p0_p0sp1,p1_p1sp0,p1_p1sp1 | ALL  | NULL          | NULL | NULL    | NULL |    9 |    33.33 | Using where |
+----+-------------+--------------------------------+-------------------------------------+------+---------------+------+---------+------+------+----------+-------------+
1 row in set, 6 warnings (0.01 sec)

mysql> EXPLAIN SELECT * FROM hired_candidates_sub_partition WHERE hired_date > 2020;
+----+-------------+--------------------------------+-------------------------------------+------+---------------+------+---------+------+------+----------+-------------+
| id | select_type | table                          | partitions                          | type | possible_keys | key  | key_len | ref  | rows | filtered | Extra       |
+----+-------------+--------------------------------+-------------------------------------+------+---------------+------+---------+------+------+----------+-------------+
|  1 | SIMPLE      | hired_candidates_sub_partition | p0_p0sp0,p0_p0sp1,p1_p1sp0,p1_p1sp1 | ALL  | NULL          | NULL | NULL    | NULL |    9 |    33.33 | Using where |
+----+-------------+--------------------------------+-------------------------------------+------+---------------+------+---------+------+------+----------+-------------+
1 row in set, 6 warnings (0.00 sec)

mysql> EXPLAIN SELECT * FROM hired_candidates_sub_partition WHERE hired_date < 2021;
+----+-------------+--------------------------------+-------------------------------------+------+---------------+------+---------+------+------+----------+-------------+
| id | select_type | table                          | partitions                          | type | possible_keys | key  | key_len | ref  | rows | filtered | Extra       |
+----+-------------+--------------------------------+-------------------------------------+------+---------------+------+---------+------+------+----------+-------------+
|  1 | SIMPLE      | hired_candidates_sub_partition | p0_p0sp0,p0_p0sp1,p1_p1sp0,p1_p1sp1 | ALL  | NULL          | NULL | NULL    | NULL |    9 |    33.33 | Using where |
+----+-------------+--------------------------------+-------------------------------------+------+---------------+------+---------+------+------+----------+-------------+
1 row in set, 6 warnings (0.00 sec)

mysql> EXPLAIN SELECT * FROM hired_candidates_sub_partition WHERE hired_date > 2021;
+----+-------------+--------------------------------+-------------------------------------+------+---------------+------+---------+------+------+----------+-------------+
| id | select_type | table                          | partitions                          | type | possible_keys | key  | key_len | ref  | rows | filtered | Extra       |
+----+-------------+--------------------------------+-------------------------------------+------+---------------+------+---------+------+------+----------+-------------+
|  1 | SIMPLE      | hired_candidates_sub_partition | p0_p0sp0,p0_p0sp1,p1_p1sp0,p1_p1sp1 | ALL  | NULL          | NULL | NULL    | NULL |    9 |    33.33 | Using where |
+----+-------------+--------------------------------+-------------------------------------+------+---------------+------+---------+------+------+----------+-------------+
1 row in set, 6 warnings (0.00 sec)

mysql> EXPLAIN SELECT * FROM hired_candidates_sub_partition WHERE hired_date = 2022;
+----+-------------+--------------------------------+-------------------------------------+------+---------------+------+---------+------+------+----------+-------------+
| id | select_type | table                          | partitions                          | type | possible_keys | key  | key_len | ref  | rows | filtered | Extra       |
+----+-------------+--------------------------------+-------------------------------------+------+---------------+------+---------+------+------+----------+-------------+
|  1 | SIMPLE      | hired_candidates_sub_partition | p0_p0sp0,p0_p0sp1,p1_p1sp0,p1_p1sp1 | ALL  | NULL          | NULL | NULL    | NULL |    9 |    11.11 | Using where |
+----+-------------+--------------------------------+-------------------------------------+------+---------------+------+---------+------+------+----------+-------------+
1 row in set, 6 warnings (0.00 sec)
